ratio,size_min,size_max
0.962704929568076,0,9
0.029517857222217,10,49
0.005552189544759,50,199
0.001808757586486,200,999
0.000391082721402,1000,9999
