ratio,size_min,size_max
0.963867615619841,0,9
0.028842042594647,10,49
0.005265066435743,50,199
0.001648580629448,200,999
0.000358292966742,1000,9999
